,RMSE,MAE
0,0.12484306191650789,0.08001133398946318
